implementation,sample,build_seconds,library_bytes
Flang + Enzyme,0,0.54272683399999999,15408
Flang + Enzyme,1,0.37615541100000005,15408
Flang + Enzyme,2,0.38206644700000003,15408
Flang + Enzyme,3,0.354602627,15408
Flang + Enzyme,4,0.36800692000000002,15408
LFortran + Enzyme,0,0.43988976400000002,15304
LFortran + Enzyme,1,0.345358261,15304
LFortran + Enzyme,2,0.33045928200000002,15304
LFortran + Enzyme,3,0.33323618300000002,15304
LFortran + Enzyme,4,0.33655249100000001,15304
